variables,type,units,values,description
materials.rho_fiber,output,kg/m**3,[0.],1D array of the density of the fibers of the materials.
materials.rho,output,kg/m**3,[7800.],"1D array of the density of the materials. For composites, this is the density of the laminate."
materials.rho_area_dry,output,kg/m**2,[0.],1D array of the dry aerial density of the composite fabrics. Non-composite materials are kept at 0.
materials.ply_t_from_yaml,output,m,[0.],1D array of the ply thicknesses of the materials. Non-composite materials are kept at 0.
materials.fvf_from_yaml,output,,[0.],1D array of the non-dimensional fiber volume fraction of the composite materials. Non-composite materials are kept at 0.
materials.fwf_from_yaml,output,,[0.],1D array of the non-dimensional fiber weight- fraction of the composite materials. Non-composite materials are kept at 0.
materials.name,output,Unavailable,['steel'],1D array of names of materials.
materials.component_id,output,Unavailable,[-1.],"1D array of flags to set whether a material is used in a blade: 0 - coating, 1 - sandwich filler , 2 - shell skin, 3 - shear webs, 4 - spar caps, 5 - TE/LE reinf."
high_level_tower_props.tower_ref_axis_user,input,m,"[[ 0.   0.  10. ]
 [ 0.   0.  43.8]
 [ 0.   0.  87.6]]","2D array of the coordinates (x,y,z) of the tower reference axis. The coordinate system is the global coordinate system of OpenFAST: it is placed at tower base with x pointing downwind, y pointing on the side and z pointing vertically upwards. A standard tower configuration will have zero x and y values and positive z values."
high_level_tower_props.distance_tt_hub,input,m,[0.],Vertical distance from tower top to hub center.
high_level_tower_props.hub_height_user,input,m,[90.],Height of the hub specified by the user.
high_level_tower_props.rotor_diameter,input,m,[0.],Diameter of the rotor used in WISDEM. It is defined as two times the blade length plus the hub diameter.
tower_grid.ref_axis,input,m,"[[ 0.          0.         10.        ]
 [ 0.          0.         44.84536082]
 [ 0.          0.         90.        ]]","2D array of the coordinates (x,y,z) of the tower reference axis. The coordinate system is the global coordinate system of OpenFAST: it is placed at tower base with x pointing downwind, y pointing on the side and z pointing vertically upwards. A standard tower configuration will have zero x and y values and positive z values."
towerse.hub_height,input,m,[90.],
towerse.tower_height,input,m,[80.],
towerse.foundation_height,input,m,[10.],
towerse.tower_s,input,,[0.         0.43556701 1.        ],
towerse.member.s_const1,input,,[0.],
towerse.member.s_const2,input,,[0.],
towerse.joint1,output,m,[ 0.  0. 10.],
towerse.joint2,output,m,[ 0.  0. 90.],
towerse.tower_layer_thickness,input,m,[[0.027  0.0222 0.019 ]],
towerse.tower_outer_diameter_in,input,m,[6.    4.935 3.87 ],
towerse.E_mat,input,Pa,[[2.e+11 2.e+11 2.e+11]],
towerse.E_user,input,Pa,[0.],
towerse.G_mat,input,Pa,[[7.93e+10 7.93e+10 7.93e+10]],
towerse.sigma_y_mat,input,Pa,[3.45e+08],
towerse.sigma_ult_mat,input,Pa,[[1.12e+09 1.12e+09 1.12e+09]],
towerse.wohler_exp_mat,input,,[3.],
towerse.wohler_A_mat,input,,[3.55346484e+10],
towerse.rho_mat,input,kg/m**3,[7800.],
towerse.unit_cost_mat,input,USD/kg,[0.7],
towerse.outfitting_factor_in,input,,[1.07],
towerse.rho_water,input,kg/m**3,[0.],
towerse.tower_layer_materials,input,Unavailable,['steel'],
towerse.member.ballast_materials,input,Unavailable,[],
towerse.material_names,input,Unavailable,['steel'],
towerse.member.gc.d,input,m,[6.    4.935 3.87 ],
towerse.member.gc.t,input,m,[0.0246 0.0206],
towerse.member.s,output,,[0.         0.43556701 1.        ],
towerse.member.height,output,m,[80.],
towerse.tower_outer_diameter,output,m,[6.    4.935 3.87 ],
towerse.tower_wall_thickness,output,m,[0.0246 0.0206],
towerse.member.E,output,Pa,[2.e+11 2.e+11],
towerse.member.G,output,Pa,[7.93e+10 7.93e+10],
towerse.member.sigma_y,output,Pa,[3.45e+08 3.45e+08],
towerse.member.rho,output,kg/m**3,[7800. 7800.],
towerse.member.unit_cost,output,USD/kg,[0.7 0.7],
towerse.member.outfitting_factor,output,,[1.07 1.07],
towerse.nodes_xyz,output,m,"[[ 0.          0.         10.        ]
 [ 0.          0.         21.61512027]
 [ 0.          0.         33.23024055]
 [ 0.          0.         44.84536082]
 [ 0.          0.         59.89690722]
 [ 0.          0.         74.94845361]
 [ 0.          0.         90.        ]]",
towerse.s_full,output,m,"[0.         0.145189   0.29037801 0.43556701 0.62371134 0.81185567
 1.        ]",
towerse.z_full,output,m,"[ 0.         11.61512027 23.23024055 34.84536082 49.89690722 64.94845361
 80.        ]",
towerse.d_full,output,m,[6.    5.645 5.29  4.935 4.58  4.225 3.87 ],
towerse.member.s_ghost1,input,,[0.],
towerse.member.s_ghost2,input,,[1.],
towerse.t_full,output,m,[0.0246 0.0246 0.0246 0.0206 0.0206 0.0206],
towerse.E_full,output,Pa,[2.e+11 2.e+11 2.e+11 2.e+11 2.e+11 2.e+11],
towerse.G_full,output,Pa,[7.93e+10 7.93e+10 7.93e+10 7.93e+10 7.93e+10 7.93e+10],
towerse.sigma_y_full,output,Pa,[3.45e+08 3.45e+08 3.45e+08 3.45e+08 3.45e+08 3.45e+08],
towerse.rho_full,output,kg/m**3,[7800. 7800. 7800. 7800. 7800. 7800.],
towerse.outfitting_full,output,,[1.07 1.07 1.07 1.07 1.07 1.07],
towerse.member.unit_cost_full,output,USD/kg,[0.7 0.7 0.7 0.7 0.7 0.7],
towerse.labor_cost_rate,input,USD/min,[0.98],
towerse.painting_cost_rate,input,USD/m**2,[30.],
towerse.rna_mass,input,kg,[285598.8],
towerse.rna_I,input,kg*m**2,"[1.14930678e+08 2.20354030e+07 1.87597425e+07 0.00000000e+00
 5.03710467e+05 0.00000000e+00]",
towerse.rna_cg,input,m,[-1.13197635  0.          0.50875268],
towerse.tower_mass,output,kg,[229202.71515085],
towerse.tower_center_of_mass,output,m,[35.34393088],
towerse.tower_I_base,output,kg*m**2,"[4.07135677e+08 4.07135677e+08 1.43531049e+06 0.00000000e+00
 0.00000000e+00 0.00000000e+00]",
towerse.env.Uref,input,m/s,[11.73732],
towerse.wind_reference_height,input,m,[90.],
towerse.z_global,output,m,"[10.         21.61512027 33.23024055 44.84536082 59.89690722 74.94845361
 90.        ]",
towerse.z0,input,m,[0.],
towerse.shearExp,input,,[0.1],
towerse.env.windLoads.U,input,m/s,"[ 9.42203459 10.17701606 10.62424416 10.94753762 11.26899365 11.52447
 11.73732   ]",
towerse.beta_wind,input,deg,[0.],
towerse.rho_air,input,kg/m**3,[1.225],
towerse.mu_air,input,kg/m/s,[1.81e-05],
towerse.cd_usr,input,,[-1.],
towerse.env.distLoads.windLoads_Px,input,N/m,"[215.35763305 237.71249962 240.91980603 235.29745236 227.851527
 215.93860782 200.80448402]",
towerse.env.distLoads.windLoads_Py,input,N/m,[0. 0. 0. 0. 0. 0. 0.],
towerse.env.distLoads.windLoads_Pz,input,N/m,[0. 0. 0. 0. 0. 0. 0.],
towerse.env.distLoads.windLoads_qdyn,input,N/m**2,"[54.37452566 63.43763922 69.13567038 73.40725527 77.78150839 81.34821292
 84.38086698]",
towerse.env.distLoads.windLoads_z,input,m,"[10.         21.61512027 33.23024055 44.84536082 59.89690722 74.94845361
 90.        ]",
towerse.env.distLoads.windLoads_beta,input,deg,[0.],
towerse.env.distLoads.waveLoads_Px,input,N/m,[0. 0. 0. 0. 0. 0. 0.],
towerse.env.distLoads.waveLoads_Py,input,N/m,[0. 0. 0. 0. 0. 0. 0.],
towerse.env.distLoads.waveLoads_Pz,input,N/m,[0. 0. 0. 0. 0. 0. 0.],
towerse.env.distLoads.waveLoads_qdyn,input,N/m**2,[0. 0. 0. 0. 0. 0. 0.],
towerse.env.distLoads.waveLoads_z,input,m,[0. 0. 0. 0. 0. 0. 0.],
towerse.env.distLoads.waveLoads_beta,input,deg,[0.],
towerse.yaw,input,deg,[0.],
towerse.s_all,input,,[0. 0. 0. 0. 0. 0. 0.],
towerse.g2e.Px_global,input,N/m,"[215.35763305 237.71249962 240.91980603 235.29745236 227.851527
 215.93860782 200.80448402]",
towerse.g2e.Py_global,input,N/m,[0. 0. 0. 0. 0. 0. 0.],
towerse.g2e.Pz_global,input,N/m,[0. 0. 0. 0. 0. 0. 0.],
towerse.g2e.qdyn_global,input,Pa,"[54.37452566 63.43763922 69.13567038 73.40725527 77.78150839 81.34821292
 84.38086698]",
towerse.lc:Px,input,N/m,[0. 0. 0. 0. 0. 0. 0.],
towerse.lc:Py,input,N/m,[0. 0. 0. 0. 0. 0. 0.],
towerse.lc:Pz,input,N/m,"[-215.35763305 -237.71249962 -240.91980603 -235.29745236 -227.851527
 -215.93860782 -200.80448402]",
towerse.lc:qdyn,input,Pa,"[54.37452566 63.43763922 69.13567038 73.40725527 77.78150839 81.34821292
 84.38086698]",
towerse.section_A,output,m**2,[0.47944576 0.45008974 0.42073372 0.32801604 0.30343336 0.27885068],
towerse.section_Asx,output,m**2,[0.27258364 0.2559255  0.23926742 0.18649883 0.17254935 0.15859996],
towerse.section_Asy,output,m**2,[0.27258364 0.2559255  0.23926742 0.18649883 0.17254935 0.15859996],
towerse.section_Ixx,output,kg*m**2,[2.01464602 1.66678164 1.36145918 0.92002949 0.72829591 0.56524247],
towerse.section_Iyy,output,kg*m**2,[2.01464602 1.66678164 1.36145918 0.92002949 0.72829591 0.56524247],
towerse.section_J0,output,kg*m**2,[4.02929204 3.33356328 2.72291835 1.84005897 1.45659181 1.13048493],
towerse.section_rho,output,kg/m**3,[7800. 7800. 7800. 7800. 7800. 7800.],
towerse.section_E,output,Pa,[2.e+11 2.e+11 2.e+11 2.e+11 2.e+11 2.e+11],
towerse.section_G,output,Pa,[7.93e+10 7.93e+10 7.93e+10 7.93e+10 7.93e+10 7.93e+10],
towerse.tower.rna_F,input,N,"[[ 1284744.]
 [       0.]
 [-2914124.]]",
towerse.tower.rna_M,input,N*m,"[[ 3963732.76208099]
 [-2275104.79420872]
 [ -346781.68192839]]",
towerse.Px,output,N/m,"[[0.]
 [0.]
 [0.]
 [0.]
 [0.]
 [0.]
 [0.]]",
towerse.Py,output,N/m,"[[0.]
 [0.]
 [0.]
 [0.]
 [0.]
 [0.]
 [0.]]",
towerse.Pz,output,N/m,"[[-215.35763305]
 [-237.71249962]
 [-240.91980603]
 [-235.29745236]
 [-227.851527  ]
 [-215.93860782]
 [-200.80448402]]",
towerse.post.cylinder_Fz,input,N,"[[-4751157.81188547]
 [-4348531.23296471]
 [-3971999.41444386]
 [-3590909.3121909 ]
 [-3238265.06826684]
 [-2914124.        ]]",
towerse.post.cylinder_Vx,input,N,"[[1285061.19009343]
 [1285606.2119602 ]
 [1286081.73161756]
 [1286759.8117445 ]
 [1287218.3668866 ]
 [1287347.06662641]]",
towerse.post.cylinder_Vy,input,N,"[[ -12.83947804]
 [ -38.68434055]
 [ -66.40439614]
 [-116.09345317]
 [-174.15064338]
 [-237.37906529]]",
towerse.post.cylinder_Mxx,input,N*m,"[[4153332.00443734]
 [4142731.6321715 ]
 [4124922.45302026]
 [4088552.37373018]
 [4035194.4027867 ]
 [3963840.95984223]]",
towerse.post.cylinder_Myy,input,N*m,"[[88347045.18190022]
 [73188418.61327161]
 [57907308.12483425]
 [37938928.47599091]
 [17844091.61084507]
 [-2274930.85044451]]",
towerse.post.cylinder_Mzz,input,N*m,"[[-346828.93268786]
 [-346827.8499318 ]
 [-346826.88571689]
 [-346834.64380559]
 [-346833.44128791]
 [-346832.47298619]]",
towerse.qdyn,output,Pa,"[[54.37452566]
 [63.43763922]
 [69.13567038]
 [73.40725527]
 [77.78150839]
 [81.34821292]
 [84.38086698]]",
fixedse.tower_foundation_height,input,m,[10.],
fixedse.tower_base_diameter,input,m,[6.],
fixedse.transition_piece_mass,input,kg,[100000.],
fixedse.height,input,m,[50.],
fixedse.r_head,input,m,[3.],
fixedse.foot_head_ratio,input,,[2.],
fixedse.bay_spacing,input,,[0.1 0.3 0.5 0.7 0.9],
fixedse.leg_nodes,output,m,"[[[ 6.          0.          0.        ]
  [ 5.4         0.         10.        ]
  [ 4.8         0.         20.        ]
  [ 4.2         0.         30.        ]
  [ 3.6         0.         40.        ]
  [ 3.          0.         50.        ]]

 [[-3.          5.19615242  0.        ]
  [-2.7         4.67653718 10.        ]
  [-2.4         4.15692194 20.        ]
  [-2.1         3.6373067  30.        ]
  [-1.8         3.11769145 40.        ]
  [-1.5         2.59807621 50.        ]]

 [[-3.         -5.19615242  0.        ]
  [-2.7        -4.67653718 10.        ]
  [-2.4        -4.15692194 20.        ]
  [-2.1        -3.6373067  30.        ]
  [-1.8        -3.11769145 40.        ]
  [-1.5        -2.59807621 50.        ]]]",
fixedse.bay_nodes,output,m,"[[[ 5.7         0.          5.        ]
  [ 5.1         0.         15.        ]
  [ 4.5         0.         25.        ]
  [ 3.9         0.         35.        ]
  [ 3.3         0.         45.        ]]

 [[-2.85        4.9363448   5.        ]
  [-2.55        4.41672956 15.        ]
  [-2.25        3.89711432 25.        ]
  [-1.95        3.37749907 35.        ]
  [-1.65        2.85788383 45.        ]]

 [[-2.85       -4.9363448   5.        ]
  [-2.55       -4.41672956 15.        ]
  [-2.25       -3.89711432 25.        ]
  [-1.95       -3.37749907 35.        ]
  [-1.65       -2.85788383 45.        ]]]",
fixedse.leg_diameter,input,m,[2.],
fixedse.leg_thickness,input,m,[0.1],
fixedse.brace_diameters,input,m,[1. 1. 1. 1.],
fixedse.brace_thicknesses,input,m,[0.1 0.1 0.1 0.1],
fixedse.E_mat,input,Pa,[[2.e+11 2.e+11 2.e+11]],
fixedse.G_mat,input,Pa,[[7.93e+10 7.93e+10 7.93e+10]],
fixedse.rho_mat,input,kg/m**3,[7800.],
fixedse.sigma_y_mat,input,Pa,[3.45e+08],
fixedse.turbine_F,input,N,"[[ 1.28474400e+06]
 [ 1.74622983e-09]
 [-5.17971830e+06]]",
fixedse.turbine_M,input,N*m,"[[ 4.15691217e+06]
 [ 1.03357828e+08]
 [-3.46781682e+05]]",
fixedse.transition_piece_I,output,kg*m**2,[450000. 450000. 900000.      0.      0.      0.],
fixedse.gravity_foundation_mass,input,kg,[0.],
fixedse.gravity_foundation_I,input,kg*m**2,[0. 0. 0. 0. 0. 0.],
fixedse.tower_mass,input,kg,[229202.71515085],
fixedse.turbine_mass,input,kg,[514801.51515085],
fixedse.turbine_cg,input,m,[-0.62799172  0.         65.94797233],
fixedse.turbine_I,input,kg*m**2,"[2.83541664e+09 2.74252136e+09 2.01950530e+07 0.00000000e+00
 5.03710467e+05 0.00000000e+00]",
fixedse.material_names,input,Unavailable,['steel'],
fixedse.jacket_elem_L,output,m,"[5.00899191 5.00899191 5.00899191 5.00899191 5.00899191 5.00899191
 5.00899191 5.00899191 5.00899191 5.00899191 5.00899191 5.00899191
 5.00899191 5.00899191 5.00899191 5.00899191 5.00899191 5.00899191
 5.00899191 5.00899191 5.00899191 5.00899191 5.00899191 5.00899191
 5.00899191 5.00899191 5.00899191 5.00899191 5.00899191 5.00899191
 7.22824375 6.46737599 7.22824375 6.46737599 7.22978269 6.46591007
 7.25062221 6.44499752 7.22824375 6.46737599 7.22824375 6.46737599
 6.91053953 6.09753488 6.91053953 6.09753488 6.91555091 6.09263307
 6.93763969 6.07043473 6.91053953 6.09753488 6.91053953 6.09753488
 6.6266363  5.74308479 6.6266363  5.74308479 6.63719125 5.73269973
 6.66061905 5.70910204 6.6266363  5.74308479 6.6266363  5.74308479
 6.38546663 5.40308714 6.38546663 5.40308714 6.40525998 5.38356851
 6.43012024 5.35843353 6.38546663 5.40308714 6.38546663 5.40308714
 3.60555128 3.60555128 3.60555128]",
fixedse.jacket_elem_D,output,m,"[2.   2.   2.   2.   2.   2.   2.   2.   2.   2.   2.   2.   2.   2.
 2.   2.   2.   2.   2.   2.   2.   2.   2.   2.   2.   2.   2.   2.
 2.   2.   1.   1.   1.   1.   1.   1.   1.   1.   1.   1.   1.   1.
 1.   1.   1.   1.   1.   1.   1.   1.   1.   1.   1.   1.   1.   1.
 1.   1.   1.   1.   1.   1.   1.   1.   1.   1.   1.   1.   1.   1.
 1.   1.   1.   1.   1.   1.   1.   1.   0.01 0.01 0.01]",
fixedse.jacket_elem_t,output,m,"[0.1   0.1   0.1   0.1   0.1   0.1   0.1   0.1   0.1   0.1   0.1   0.1
 0.1   0.1   0.1   0.1   0.1   0.1   0.1   0.1   0.1   0.1   0.1   0.1
 0.1   0.1   0.1   0.1   0.1   0.1   0.1   0.1   0.1   0.1   0.1   0.1
 0.1   0.1   0.1   0.1   0.1   0.1   0.1   0.1   0.1   0.1   0.1   0.1
 0.1   0.1   0.1   0.1   0.1   0.1   0.1   0.1   0.1   0.1   0.1   0.1
 0.1   0.1   0.1   0.1   0.1   0.1   0.1   0.1   0.1   0.1   0.1   0.1
 0.1   0.1   0.1   0.1   0.1   0.1   0.001 0.001 0.001]",
fixedse.jacket_elem_A,output,m**2,"[5.96902604e-01 5.96902604e-01 5.96902604e-01 5.96902604e-01
 5.96902604e-01 5.96902604e-01 5.96902604e-01 5.96902604e-01
 5.96902604e-01 5.96902604e-01 5.96902604e-01 5.96902604e-01
 5.96902604e-01 5.96902604e-01 5.96902604e-01 5.96902604e-01
 5.96902604e-01 5.96902604e-01 5.96902604e-01 5.96902604e-01
 5.96902604e-01 5.96902604e-01 5.96902604e-01 5.96902604e-01
 5.96902604e-01 5.96902604e-01 5.96902604e-01 5.96902604e-01
 5.96902604e-01 5.96902604e-01 2.82743339e-01 2.82743339e-01
 2.82743339e-01 2.82743339e-01 2.82743339e-01 2.82743339e-01
 2.82743339e-01 2.82743339e-01 2.82743339e-01 2.82743339e-01
 2.82743339e-01 2.82743339e-01 2.82743339e-01 2.82743339e-01
 2.82743339e-01 2.82743339e-01 2.82743339e-01 2.82743339e-01
 2.82743339e-01 2.82743339e-01 2.82743339e-01 2.82743339e-01
 2.82743339e-01 2.82743339e-01 2.82743339e-01 2.82743339e-01
 2.82743339e-01 2.82743339e-01 2.82743339e-01 2.82743339e-01
 2.82743339e-01 2.82743339e-01 2.82743339e-01 2.82743339e-01
 2.82743339e-01 2.82743339e-01 2.82743339e-01 2.82743339e-01
 2.82743339e-01 2.82743339e-01 2.82743339e-01 2.82743339e-01
 2.82743339e-01 2.82743339e-01 2.82743339e-01 2.82743339e-01
 2.82743339e-01 2.82743339e-01 2.82743339e-05 2.82743339e-05
 2.82743339e-05]",
fixedse.jacket_elem_Asx,output,m**2,"[3.72214783e-01 3.72214783e-01 3.72214783e-01 3.72214783e-01
 3.72214783e-01 3.72214783e-01 3.72214783e-01 3.72214783e-01
 3.72214783e-01 3.72214783e-01 3.72214783e-01 3.72214783e-01
 3.72214783e-01 3.72214783e-01 3.72214783e-01 3.72214783e-01
 3.72214783e-01 3.72214783e-01 3.72214783e-01 3.72214783e-01
 3.72214783e-01 3.72214783e-01 3.72214783e-01 3.72214783e-01
 3.72214783e-01 3.72214783e-01 3.72214783e-01 3.72214783e-01
 3.72214783e-01 3.72214783e-01 1.82615395e-01 1.82615395e-01
 1.82615395e-01 1.82615395e-01 1.82615395e-01 1.82615395e-01
 1.82615395e-01 1.82615395e-01 1.82615395e-01 1.82615395e-01
 1.82615395e-01 1.82615395e-01 1.82615395e-01 1.82615395e-01
 1.82615395e-01 1.82615395e-01 1.82615395e-01 1.82615395e-01
 1.82615395e-01 1.82615395e-01 1.82615395e-01 1.82615395e-01
 1.82615395e-01 1.82615395e-01 1.82615395e-01 1.82615395e-01
 1.82615395e-01 1.82615395e-01 1.82615395e-01 1.82615395e-01
 1.82615395e-01 1.82615395e-01 1.82615395e-01 1.82615395e-01
 1.82615395e-01 1.82615395e-01 1.82615395e-01 1.82615395e-01
 1.82615395e-01 1.82615395e-01 1.82615395e-01 1.82615395e-01
 1.82615395e-01 1.82615395e-01 1.82615395e-01 1.82615395e-01
 1.82615395e-01 1.82615395e-01 1.82615395e-05 1.82615395e-05
 1.82615395e-05]",
fixedse.jacket_elem_Asy,output,m**2,"[3.72214783e-01 3.72214783e-01 3.72214783e-01 3.72214783e-01
 3.72214783e-01 3.72214783e-01 3.72214783e-01 3.72214783e-01
 3.72214783e-01 3.72214783e-01 3.72214783e-01 3.72214783e-01
 3.72214783e-01 3.72214783e-01 3.72214783e-01 3.72214783e-01
 3.72214783e-01 3.72214783e-01 3.72214783e-01 3.72214783e-01
 3.72214783e-01 3.72214783e-01 3.72214783e-01 3.72214783e-01
 3.72214783e-01 3.72214783e-01 3.72214783e-01 3.72214783e-01
 3.72214783e-01 3.72214783e-01 1.82615395e-01 1.82615395e-01
 1.82615395e-01 1.82615395e-01 1.82615395e-01 1.82615395e-01
 1.82615395e-01 1.82615395e-01 1.82615395e-01 1.82615395e-01
 1.82615395e-01 1.82615395e-01 1.82615395e-01 1.82615395e-01
 1.82615395e-01 1.82615395e-01 1.82615395e-01 1.82615395e-01
 1.82615395e-01 1.82615395e-01 1.82615395e-01 1.82615395e-01
 1.82615395e-01 1.82615395e-01 1.82615395e-01 1.82615395e-01
 1.82615395e-01 1.82615395e-01 1.82615395e-01 1.82615395e-01
 1.82615395e-01 1.82615395e-01 1.82615395e-01 1.82615395e-01
 1.82615395e-01 1.82615395e-01 1.82615395e-01 1.82615395e-01
 1.82615395e-01 1.82615395e-01 1.82615395e-01 1.82615395e-01
 1.82615395e-01 1.82615395e-01 1.82615395e-01 1.82615395e-01
 1.82615395e-01 1.82615395e-01 1.82615395e-05 1.82615395e-05
 1.82615395e-05]",
fixedse.jacket_elem_Ixx,output,kg*m**2,"[2.70098428e-01 2.70098428e-01 2.70098428e-01 2.70098428e-01
 2.70098428e-01 2.70098428e-01 2.70098428e-01 2.70098428e-01
 2.70098428e-01 2.70098428e-01 2.70098428e-01 2.70098428e-01
 2.70098428e-01 2.70098428e-01 2.70098428e-01 2.70098428e-01
 2.70098428e-01 2.70098428e-01 2.70098428e-01 2.70098428e-01
 2.70098428e-01 2.70098428e-01 2.70098428e-01 2.70098428e-01
 2.70098428e-01 2.70098428e-01 2.70098428e-01 2.70098428e-01
 2.70098428e-01 2.70098428e-01 2.89811922e-02 2.89811922e-02
 2.89811922e-02 2.89811922e-02 2.89811922e-02 2.89811922e-02
 2.89811922e-02 2.89811922e-02 2.89811922e-02 2.89811922e-02
 2.89811922e-02 2.89811922e-02 2.89811922e-02 2.89811922e-02
 2.89811922e-02 2.89811922e-02 2.89811922e-02 2.89811922e-02
 2.89811922e-02 2.89811922e-02 2.89811922e-02 2.89811922e-02
 2.89811922e-02 2.89811922e-02 2.89811922e-02 2.89811922e-02
 2.89811922e-02 2.89811922e-02 2.89811922e-02 2.89811922e-02
 2.89811922e-02 2.89811922e-02 2.89811922e-02 2.89811922e-02
 2.89811922e-02 2.89811922e-02 2.89811922e-02 2.89811922e-02
 2.89811922e-02 2.89811922e-02 2.89811922e-02 2.89811922e-02
 2.89811922e-02 2.89811922e-02 2.89811922e-02 2.89811922e-02
 2.89811922e-02 2.89811922e-02 2.89811922e-10 2.89811922e-10
 2.89811922e-10]",
fixedse.jacket_elem_Iyy,output,kg*m**2,"[2.70098428e-01 2.70098428e-01 2.70098428e-01 2.70098428e-01
 2.70098428e-01 2.70098428e-01 2.70098428e-01 2.70098428e-01
 2.70098428e-01 2.70098428e-01 2.70098428e-01 2.70098428e-01
 2.70098428e-01 2.70098428e-01 2.70098428e-01 2.70098428e-01
 2.70098428e-01 2.70098428e-01 2.70098428e-01 2.70098428e-01
 2.70098428e-01 2.70098428e-01 2.70098428e-01 2.70098428e-01
 2.70098428e-01 2.70098428e-01 2.70098428e-01 2.70098428e-01
 2.70098428e-01 2.70098428e-01 2.89811922e-02 2.89811922e-02
 2.89811922e-02 2.89811922e-02 2.89811922e-02 2.89811922e-02
 2.89811922e-02 2.89811922e-02 2.89811922e-02 2.89811922e-02
 2.89811922e-02 2.89811922e-02 2.89811922e-02 2.89811922e-02
 2.89811922e-02 2.89811922e-02 2.89811922e-02 2.89811922e-02
 2.89811922e-02 2.89811922e-02 2.89811922e-02 2.89811922e-02
 2.89811922e-02 2.89811922e-02 2.89811922e-02 2.89811922e-02
 2.89811922e-02 2.89811922e-02 2.89811922e-02 2.89811922e-02
 2.89811922e-02 2.89811922e-02 2.89811922e-02 2.89811922e-02
 2.89811922e-02 2.89811922e-02 2.89811922e-02 2.89811922e-02
 2.89811922e-02 2.89811922e-02 2.89811922e-02 2.89811922e-02
 2.89811922e-02 2.89811922e-02 2.89811922e-02 2.89811922e-02
 2.89811922e-02 2.89811922e-02 2.89811922e-10 2.89811922e-10
 2.89811922e-10]",
fixedse.jacket_elem_J0,output,kg*m**2,"[5.40196857e-01 5.40196857e-01 5.40196857e-01 5.40196857e-01
 5.40196857e-01 5.40196857e-01 5.40196857e-01 5.40196857e-01
 5.40196857e-01 5.40196857e-01 5.40196857e-01 5.40196857e-01
 5.40196857e-01 5.40196857e-01 5.40196857e-01 5.40196857e-01
 5.40196857e-01 5.40196857e-01 5.40196857e-01 5.40196857e-01
 5.40196857e-01 5.40196857e-01 5.40196857e-01 5.40196857e-01
 5.40196857e-01 5.40196857e-01 5.40196857e-01 5.40196857e-01
 5.40196857e-01 5.40196857e-01 5.79623845e-02 5.79623845e-02
 5.79623845e-02 5.79623845e-02 5.79623845e-02 5.79623845e-02
 5.79623845e-02 5.79623845e-02 5.79623845e-02 5.79623845e-02
 5.79623845e-02 5.79623845e-02 5.79623845e-02 5.79623845e-02
 5.79623845e-02 5.79623845e-02 5.79623845e-02 5.79623845e-02
 5.79623845e-02 5.79623845e-02 5.79623845e-02 5.79623845e-02
 5.79623845e-02 5.79623845e-02 5.79623845e-02 5.79623845e-02
 5.79623845e-02 5.79623845e-02 5.79623845e-02 5.79623845e-02
 5.79623845e-02 5.79623845e-02 5.79623845e-02 5.79623845e-02
 5.79623845e-02 5.79623845e-02 5.79623845e-02 5.79623845e-02
 5.79623845e-02 5.79623845e-02 5.79623845e-02 5.79623845e-02
 5.79623845e-02 5.79623845e-02 5.79623845e-02 5.79623845e-02
 5.79623845e-02 5.79623845e-02 5.79623845e-10 5.79623845e-10
 5.79623845e-10]",
fixedse.jacket_elem_E,output,Pa,"[2.e+11 2.e+11 2.e+11 2.e+11 2.e+11 2.e+11 2.e+11 2.e+11 2.e+11 2.e+11
 2.e+11 2.e+11 2.e+11 2.e+11 2.e+11 2.e+11 2.e+11 2.e+11 2.e+11 2.e+11
 2.e+11 2.e+11 2.e+11 2.e+11 2.e+11 2.e+11 2.e+11 2.e+11 2.e+11 2.e+11
 2.e+11 2.e+11 2.e+11 2.e+11 2.e+11 2.e+11 2.e+11 2.e+11 2.e+11 2.e+11
 2.e+11 2.e+11 2.e+11 2.e+11 2.e+11 2.e+11 2.e+11 2.e+11 2.e+11 2.e+11
 2.e+11 2.e+11 2.e+11 2.e+11 2.e+11 2.e+11 2.e+11 2.e+11 2.e+11 2.e+11
 2.e+11 2.e+11 2.e+11 2.e+11 2.e+11 2.e+11 2.e+11 2.e+11 2.e+11 2.e+11
 2.e+11 2.e+11 2.e+11 2.e+11 2.e+11 2.e+11 2.e+11 2.e+11 2.e+19 2.e+19
 2.e+19]",
fixedse.jacket_elem_G,output,Pa,"[7.93e+10 7.93e+10 7.93e+10 7.93e+10 7.93e+10 7.93e+10 7.93e+10 7.93e+10
 7.93e+10 7.93e+10 7.93e+10 7.93e+10 7.93e+10 7.93e+10 7.93e+10 7.93e+10
 7.93e+10 7.93e+10 7.93e+10 7.93e+10 7.93e+10 7.93e+10 7.93e+10 7.93e+10
 7.93e+10 7.93e+10 7.93e+10 7.93e+10 7.93e+10 7.93e+10 7.93e+10 7.93e+10
 7.93e+10 7.93e+10 7.93e+10 7.93e+10 7.93e+10 7.93e+10 7.93e+10 7.93e+10
 7.93e+10 7.93e+10 7.93e+10 7.93e+10 7.93e+10 7.93e+10 7.93e+10 7.93e+10
 7.93e+10 7.93e+10 7.93e+10 7.93e+10 7.93e+10 7.93e+10 7.93e+10 7.93e+10
 7.93e+10 7.93e+10 7.93e+10 7.93e+10 7.93e+10 7.93e+10 7.93e+10 7.93e+10
 7.93e+10 7.93e+10 7.93e+10 7.93e+10 7.93e+10 7.93e+10 7.93e+10 7.93e+10
 7.93e+10 7.93e+10 7.93e+10 7.93e+10 7.93e+10 7.93e+10 7.93e+18 7.93e+18
 7.93e+18]",
fixedse.jacket_elem_sigma_y,output,Pa,"[3.45e+08 3.45e+08 3.45e+08 3.45e+08 3.45e+08 3.45e+08 3.45e+08 3.45e+08
 3.45e+08 3.45e+08 3.45e+08 3.45e+08 3.45e+08 3.45e+08 3.45e+08 3.45e+08
 3.45e+08 3.45e+08 3.45e+08 3.45e+08 3.45e+08 3.45e+08 3.45e+08 3.45e+08
 3.45e+08 3.45e+08 3.45e+08 3.45e+08 3.45e+08 3.45e+08 3.45e+08 3.45e+08
 3.45e+08 3.45e+08 3.45e+08 3.45e+08 3.45e+08 3.45e+08 3.45e+08 3.45e+08
 3.45e+08 3.45e+08 3.45e+08 3.45e+08 3.45e+08 3.45e+08 3.45e+08 3.45e+08
 3.45e+08 3.45e+08 3.45e+08 3.45e+08 3.45e+08 3.45e+08 3.45e+08 3.45e+08
 3.45e+08 3.45e+08 3.45e+08 3.45e+08 3.45e+08 3.45e+08 3.45e+08 3.45e+08
 3.45e+08 3.45e+08 3.45e+08 3.45e+08 3.45e+08 3.45e+08 3.45e+08 3.45e+08
 3.45e+08 3.45e+08 3.45e+08 3.45e+08 3.45e+08 3.45e+08 3.45e+14 3.45e+14
 3.45e+14]",
fixedse.jacket_elem_qdyn,output,Pa,"[[1.e+02]
 [1.e+02]
 [1.e+02]
 [1.e+02]
 [1.e+02]
 [1.e+02]
 [1.e+02]
 [1.e+02]
 [1.e+02]
 [1.e+02]
 [1.e+02]
 [1.e+02]
 [1.e+02]
 [1.e+02]
 [1.e+02]
 [1.e+02]
 [1.e+02]
 [1.e+02]
 [1.e+02]
 [1.e+02]
 [1.e+02]
 [1.e+02]
 [1.e+02]
 [1.e+02]
 [1.e+02]
 [1.e+02]
 [1.e+02]
 [1.e+02]
 [1.e+02]
 [1.e+02]
 [1.e+02]
 [1.e+02]
 [1.e+02]
 [1.e+02]
 [1.e+02]
 [1.e+02]
 [1.e+02]
 [1.e+02]
 [1.e+02]
 [1.e+02]
 [1.e+02]
 [1.e+02]
 [1.e+02]
 [1.e+02]
 [1.e+02]
 [1.e+02]
 [1.e+02]
 [1.e+02]
 [1.e+02]
 [1.e+02]
 [1.e+02]
 [1.e+02]
 [1.e+02]
 [1.e+02]
 [1.e+02]
 [1.e+02]
 [1.e+02]
 [1.e+02]
 [1.e+02]
 [1.e+02]
 [1.e+02]
 [1.e+02]
 [1.e+02]
 [1.e+02]
 [1.e+02]
 [1.e+02]
 [1.e+02]
 [1.e+02]
 [1.e+02]
 [1.e+02]
 [1.e+02]
 [1.e+02]
 [1.e+02]
 [1.e+02]
 [1.e+02]
 [1.e+02]
 [1.e+02]
 [1.e+02]
 [1.e+06]
 [1.e+06]
 [1.e+06]]",
fixedse.jacket_Fz,output,N,"[[-2.52011048e+07]
 [-2.38165306e+07]
 [ 3.64424981e+06]
 [ 4.39834061e+06]
 [ 2.53535957e+06]
 [ 3.26386433e+06]
 [-2.35882471e+07]
 [-2.36415659e+07]
 [ 4.62662414e+06]
 [ 5.58660159e+06]
 [ 3.49214786e+06]
 [ 4.29628242e+06]
 [-2.34132824e+07]
 [-2.20894882e+07]
 [ 5.81488512e+06]
 [ 6.74084907e+06]
 [ 4.52456595e+06]
 [ 5.31090576e+06]
 [-2.18612047e+07]
 [-2.64990202e+07]
 [ 6.96913260e+06]
 [ 9.97540319e+06]
 [ 5.53918929e+06]
 [ 8.29928984e+06]
 [-2.62707366e+07]
 [-2.74462862e+07]
 [ 1.02036867e+07]
 [ 1.19653549e+07]
 [ 8.52757336e+06]
 [ 1.02186953e+07]
 [-4.64128804e+05]
 [-1.95278264e+04]
 [-5.30226427e+05]
 [-4.36165290e+05]
 [ 1.52913816e+05]
 [ 2.90456128e+05]
 [ 2.61891216e+05]
 [ 4.14432430e+05]
 [-5.96042271e+05]
 [-4.89441645e+05]
 [-4.72379202e+05]
 [-2.87236518e+04]
 [-9.73562362e+04]
 [ 3.76612370e+05]
 [-1.47697665e+05]
 [-2.07000600e+05]
 [-6.36635638e+04]
 [ 5.81473516e+04]
 [ 4.95412603e+04]
 [ 1.99411716e+05]
 [-1.84286036e+05]
 [-2.29517205e+05]
 [-7.53732932e+04]
 [ 3.89782254e+05]
 [-7.75805111e+05]
 [-3.34694554e+05]
 [-9.44036464e+05]
 [-1.12650949e+06]
 [ 9.83153439e+05]
 [ 1.17783172e+06]
 [ 1.08824511e+06]
 [ 1.33287971e+06]
 [-9.98421980e+05]
 [-1.15975549e+06]
 [-7.56365925e+05]
 [-3.26285150e+05]
 [ 2.04941539e+06]
 [ 3.66507004e+06]
 [ 4.24836841e+05]
 [-4.66811775e+05]
 [-2.48829908e+06]
 [-2.78175481e+06]
 [-2.16870119e+06]
 [-2.35875464e+06]
 [ 2.50969499e+05]
 [-9.15666427e+03]
 [ 1.90856233e+06]
 [ 4.05880772e+06]
 [-1.83650801e+07]
 [ 7.68713888e+06]
 [ 6.52920070e+06]]",
fixedse.jacket_Vx,output,N,"[[-3.75672023e+05]
 [-1.81435709e+04]
 [-2.62219612e+05]
 [-5.63002969e+03]
 [-2.35958166e+05]
 [-1.07385622e+04]
 [-3.18560197e+04]
 [ 3.32935874e+04]
 [-1.93171191e+04]
 [ 2.93898178e+03]
 [-2.44267886e+04]
 [ 7.72534515e+03]
 [ 1.95803655e+04]
 [ 3.13635468e+05]
 [-1.07486832e+04]
 [-1.29970954e+05]
 [-5.96352274e+03]
 [-1.21849082e+05]
 [ 2.99910019e+05]
 [-7.45111694e+05]
 [-1.43653938e+05]
 [ 4.48179041e+05]
 [-1.35533905e+05]
 [ 3.99476679e+05]
 [-7.58822838e+05]
 [-2.25789589e+06]
 [ 4.34485301e+05]
 [ 5.83993565e+05]
 [ 3.85782259e+05]
 [ 4.53849107e+05]
 [ 9.89439321e+04]
 [ 2.00255786e+04]
 [-4.71344999e+04]
 [ 1.98005943e+05]
 [-6.89705574e+04]
 [-1.12800347e+05]
 [-6.46428297e+04]
 [-1.20314486e+05]
 [-4.08717536e+04]
 [ 2.04279328e+05]
 [ 9.94055978e+04]
 [ 3.28667287e+04]
 [ 1.80369892e+05]
 [ 2.94933282e+03]
 [-1.91159334e+04]
 [ 2.44354580e+05]
 [-1.22598228e+05]
 [-1.53153041e+05]
 [-1.13033041e+05]
 [-1.65855060e+05]
 [-6.27521254e+03]
 [ 2.50911485e+05]
 [ 1.84182661e+05]
 [ 1.93670585e+04]
 [ 1.69909284e+05]
 [-9.24886434e+04]
 [-5.07101733e+04]
 [ 1.44878113e+05]
 [-1.14236811e+05]
 [-1.60131727e+04]
 [-1.03100171e+05]
 [-2.88759646e+04]
 [-3.58578322e+04]
 [ 1.55170986e+05]
 [ 1.73399535e+05]
 [-7.05532557e+04]
 [ 2.90673757e+05]
 [-1.02451495e+05]
 [-2.56888085e+05]
 [ 8.54721490e+05]
 [-7.77745175e+04]
 [-6.14324298e+05]
 [-4.46567256e+04]
 [-6.77038251e+05]
 [-2.29141146e+05]
 [ 8.61239903e+05]
 [ 2.95577927e+05]
 [-6.01570390e+04]
 [ 2.05212097e+07]
 [-9.18795949e+06]
 [-7.87383061e+06]]",
fixedse.jacket_Vy,output,N,"[[-6.62015564e+03]
 [-3.83856345e+03]
 [-2.81269206e+05]
 [-6.95599620e+04]
 [ 3.37657203e+05]
 [ 7.03554475e+04]
 [-3.83792258e+03]
 [ 1.60450356e+03]
 [-6.95448714e+04]
 [-3.38598570e+04]
 [ 7.03395421e+04]
 [ 3.44524824e+04]
 [ 1.60527388e+03]
 [-3.61947363e+03]
 [-3.38396142e+04]
 [ 2.52262032e+05]
 [ 3.44315040e+04]
 [-2.43538488e+05]
 [-3.61854813e+03]
 [ 2.73621823e+04]
 [ 2.52273560e+05]
 [ 2.09773925e+05]
 [-2.43551027e+05]
 [-2.62269267e+05]
 [ 2.73620214e+04]
 [-1.12910559e+05]
 [ 2.09762648e+05]
 [-2.10082363e+06]
 [-2.62256832e+05]
 [ 2.28118535e+06]
 [-3.73487188e+03]
 [ 3.39282551e+04]
 [-7.59987423e+02]
 [ 5.26049934e+04]
 [ 1.73251670e+03]
 [-2.07066091e+03]
 [-1.50862911e+03]
 [-1.28120233e+03]
 [ 1.36467843e+02]
 [-5.06414918e+04]
 [ 3.41816037e+03]
 [-3.11130521e+04]
 [ 2.38677913e+04]
 [ 4.74819505e+04]
 [ 2.83937706e+04]
 [ 6.39678840e+04]
 [ 2.02704900e+03]
 [-1.29937062e+03]
 [-3.59386828e+03]
 [-2.87923351e+03]
 [-2.69886661e+04]
 [-6.11040389e+04]
 [-2.19231613e+04]
 [-4.37813801e+04]
 [ 3.05767474e+04]
 [-1.00930649e+04]
 [ 4.22401076e+04]
 [ 5.62160071e+03]
 [ 1.12111307e+04]
 [-1.45342106e+03]
 [-1.25829666e+04]
 [-8.97428550e+03]
 [-3.90771278e+04]
 [ 1.28880820e+03]
 [-2.92771704e+04]
 [ 1.58491898e+04]
 [-5.94648004e+04]
 [ 4.50075667e+05]
 [-4.09054912e+04]
 [ 5.16398518e+05]
 [ 2.02168218e+04]
 [ 3.32655035e+04]
 [-2.26496441e+04]
 [-6.84477055e+04]
 [ 4.67168153e+04]
 [-5.09081353e+05]
 [ 6.10913850e+04]
 [-4.16573215e+05]
 [-1.12914968e+05]
 [-2.10090517e+06]
 [ 2.28126756e+06]]",
fixedse.jacket_Mxx,output,N*m,"[[-4.93998657e+04]
 [-6.05357920e+04]
 [-1.35131166e+06]
 [-1.42590975e+06]
 [ 1.44770680e+06]
 [ 1.50289908e+06]
 [-7.84809968e+04]
 [-7.27566214e+04]
 [-1.77980015e+06]
 [-1.91277331e+06]
 [ 1.85948626e+06]
 [ 1.98226095e+06]
 [-6.17973506e+04]
 [-8.74109025e+04]
 [-2.09894459e+06]
 [-1.08922300e+06]
 [ 2.16806069e+06]
 [ 1.18470498e+06]
 [-1.01206396e+05]
 [ 1.51925376e+04]
 [ 1.44287185e+05]
 [ 1.06579702e+06]
 [-1.04538958e+04]
 [-1.17518170e+06]
 [ 1.58488538e+05]
 [-4.11727042e+05]
 [ 2.07752112e+06]
 [-9.43098745e+06]
 [-2.45482680e+06]
 [ 9.86378318e+06]
 [-2.85532369e+04]
 [ 1.57876129e+05]
 [-9.15926076e+04]
 [ 1.64447997e+05]
 [-7.57624818e+04]
 [-7.78488155e+04]
 [ 8.49904429e+04]
 [ 7.06229357e+04]
 [ 9.79493337e+04]
 [-1.47718685e+05]
 [ 2.38487019e+04]
 [-1.48657403e+05]
 [ 6.14551640e+04]
 [ 2.82698287e+05]
 [-1.31383688e+04]
 [ 2.31014534e+05]
 [-9.27848926e+04]
 [-1.16191368e+05]
 [ 9.59455527e+04]
 [ 1.05931093e+05]
 [ 2.52368556e+04]
 [-2.05414531e+05]
 [-6.03260490e+04]
 [-2.69859464e+05]
 [ 1.57413659e+05]
 [ 1.54466562e+04]
 [ 9.78480407e+04]
 [-4.85629570e+04]
 [-6.64114414e+04]
 [-1.27072948e+05]
 [ 7.30559366e+04]
 [ 9.81407395e+04]
 [-7.72849275e+04]
 [ 9.74579626e+04]
 [-1.60123789e+05]
 [-5.40356931e+03]
 [-3.78366296e+05]
 [ 1.28901349e+06]
 [-3.47250065e+05]
 [ 1.42541214e+06]
 [ 7.49700899e+04]
 [ 8.57551132e+04]
 [-6.14910916e+04]
 [-1.75090201e+05]
 [ 3.71609118e+05]
 [-1.37558273e+06]
 [ 3.72521283e+05]
 [-1.17936297e+06]
 [-5.20684816e+05]
 [-1.17969981e+07]
 [ 1.26873620e+07]]",
fixedse.jacket_Myy,output,N*m,"[[-6.64107246e+05]
 [-1.45828103e+06]
 [ 1.17444183e+06]
 [ 9.37448358e+05]
 [ 1.05778120e+06]
 [ 8.30009147e+05]
 [-1.29090587e+06]
 [-1.53117135e+06]
 [ 1.00395849e+06]
 [ 8.83073592e+05]
 [ 9.20745795e+05]
 [ 7.69399596e+05]
 [-1.59000025e+06]
 [-2.68586651e+06]
 [ 9.12583242e+05]
 [ 1.32534692e+06]
 [ 7.71810708e+05]
 [ 1.15149388e+06]
 [-4.11078275e+06]
 [-1.33439500e+06]
 [ 2.02954104e+06]
 [ 3.08979589e+05]
 [ 1.80921051e+06]
 [ 2.44731389e+05]
 [ 2.63381872e+06]
 [ 1.92205603e+07]
 [-1.86293560e+06]
 [-7.18344940e+06]
 [-1.69370107e+06]
 [-6.03529848e+06]
 [-5.87251920e+05]
 [-2.59885995e+05]
 [ 1.85378018e+05]
 [-6.45104539e+05]
 [ 1.22856093e+05]
 [ 2.49876170e+05]
 [ 9.23016556e+04]
 [ 2.68673237e+05]
 [ 1.58882272e+05]
 [-6.69351477e+05]
 [-5.83156456e+05]
 [-2.96167875e+05]
 [-8.72173150e+05]
 [-2.39190973e+05]
 [ 9.89783959e+04]
 [-7.50102133e+05]
 [ 3.09902540e+05]
 [ 4.15394357e+05]
 [ 2.63125264e+05]
 [ 4.46071403e+05]
 [ 4.93442867e+04]
 [-7.76321858e+05]
 [-8.79086488e+05]
 [-2.83419093e+05]
 [-8.53777564e+05]
 [ 4.03785808e+04]
 [ 2.13303379e+05]
 [-2.78352935e+05]
 [ 3.24672140e+05]
 [-7.91071404e+04]
 [ 2.69157125e+05]
 [-5.75601046e+04]
 [ 1.55725546e+05]
 [-3.16395424e+05]
 [-8.57734348e+05]
 [-1.27292604e+04]
 [-1.23227192e+06]
 [ 5.94095789e+05]
 [ 1.01647955e+06]
 [-2.41182930e+06]
 [ 1.23673453e+05]
 [ 1.34795962e+06]
 [-1.03606034e+04]
 [ 1.54374710e+06]
 [ 9.16623910e+05]
 [-2.41029647e+06]
 [-1.23449849e+06]
 [ 4.90472191e+05]
 [-5.46452963e+07]
 [ 2.59821683e+07]
 [ 2.23829682e+07]]",
fixedse.jacket_Mzz,output,N*m,"[[-1.69932927e+04]
 [-1.51919107e+04]
 [ 8.42746798e+04]
 [ 5.00764368e+04]
 [-1.27042459e+05]
 [-8.45985171e+04]
 [-1.51918374e+04]
 [-2.84244212e+04]
 [ 5.00761953e+04]
 [-1.34971724e+05]
 [-8.45981091e+04]
 [ 1.02923771e+05]
 [-2.84242840e+04]
 [-4.90164884e+04]
 [-1.34971073e+05]
 [-3.90088889e+05]
 [ 1.02923274e+05]
 [ 3.61291140e+05]
 [-4.90162519e+04]
 [-9.78795603e+04]
 [-3.90087008e+05]
 [-7.13846033e+05]
 [ 3.61289398e+05]
 [ 7.13153457e+05]
 [-9.78790880e+04]
 [-1.64470626e+05]
 [-7.13842591e+05]
 [-1.92410397e+06]
 [ 7.13150018e+05]
 [ 1.94364936e+06]
 [ 5.28250871e+04]
 [ 5.90875846e+03]
 [-1.54173035e+04]
 [-7.86729042e+04]
 [-7.81169991e+04]
 [-9.96414047e+04]
 [ 7.68294000e+04]
 [ 1.02026997e+05]
 [ 2.13623784e+04]
 [ 8.24744772e+04]
 [-5.69483195e+04]
 [-1.39648443e+04]
 [ 9.14416077e+04]
 [ 6.27240023e+03]
 [-7.73807525e+03]
 [-1.01434968e+05]
 [-1.11616879e+05]
 [-1.14083260e+05]
 [ 1.07718804e+05]
 [ 1.18170230e+05]
 [ 1.52957376e+04]
 [ 1.02286019e+05]
 [-9.61139259e+04]
 [-1.64224158e+04]
 [ 7.00712853e+04]
 [-5.44698451e+04]
 [-2.32294290e+04]
 [-9.15935528e+04]
 [-1.00556822e+05]
 [-3.25791696e+04]
 [ 9.33696688e+04]
 [ 4.07152518e+04]
 [ 3.08752732e+04]
 [ 8.67566407e+04]
 [-7.32600891e+04]
 [ 4.10635184e+04]
 [ 1.60782876e+05]
 [-4.71975134e+05]
 [ 1.71362379e+05]
 [-3.10225484e+05]
 [ 1.58018988e+04]
 [ 2.26403460e+05]
 [-3.29431171e+04]
 [-1.90594116e+05]
 [-1.66339932e+05]
 [ 2.63721917e+05]
 [-1.53726193e+05]
 [ 4.80471728e+05]
 [-4.27489795e+05]
 [-8.68119102e+06]
 [ 9.03802988e+06]]",
fixedse.unit_cost_mat,input,USD/kg,[0.7],
fixedse.labor_cost_rate,input,USD/min,[0.98],
fixedse.painting_cost_rate,input,USD/m**2,[30.],
fixedse.jacket_nodes,output,m,"[[ 6.00000000e+00  0.00000000e+00  0.00000000e+00]
 [ 5.40000000e+00  0.00000000e+00  1.00000000e+01]
 [ 4.80000000e+00  0.00000000e+00  2.00000000e+01]
 [ 4.20000000e+00  0.00000000e+00  3.00000000e+01]
 [ 3.60000000e+00  0.00000000e+00  4.00000000e+01]
 [ 3.00000000e+00  0.00000000e+00  5.00000000e+01]
 [-3.00000000e+00  5.19615242e+00  0.00000000e+00]
 [-2.70000000e+00  4.67653718e+00  1.00000000e+01]
 [-2.40000000e+00  4.15692194e+00  2.00000000e+01]
 [-2.10000000e+00  3.63730670e+00  3.00000000e+01]
 [-1.80000000e+00  3.11769145e+00  4.00000000e+01]
 [-1.50000000e+00  2.59807621e+00  5.00000000e+01]
 [-3.00000000e+00 -5.19615242e+00  0.00000000e+00]
 [-2.70000000e+00 -4.67653718e+00  1.00000000e+01]
 [-2.40000000e+00 -4.15692194e+00  2.00000000e+01]
 [-2.10000000e+00 -3.63730670e+00  3.00000000e+01]
 [-1.80000000e+00 -3.11769145e+00  4.00000000e+01]
 [-1.50000000e+00 -2.59807621e+00  5.00000000e+01]
 [ 5.70000000e+00  0.00000000e+00  5.00000000e+00]
 [ 5.10000000e+00  0.00000000e+00  1.50000000e+01]
 [ 4.50000000e+00  0.00000000e+00  2.50000000e+01]
 [ 3.90000000e+00  0.00000000e+00  3.50000000e+01]
 [ 3.30000000e+00  0.00000000e+00  4.50000000e+01]
 [-2.85000000e+00  4.93634480e+00  5.00000000e+00]
 [-2.55000000e+00  4.41672956e+00  1.50000000e+01]
 [-2.25000000e+00  3.89711432e+00  2.50000000e+01]
 [-1.95000000e+00  3.37749907e+00  3.50000000e+01]
 [-1.65000000e+00  2.85788383e+00  4.50000000e+01]
 [-2.85000000e+00 -4.93634480e+00  5.00000000e+00]
 [-2.55000000e+00 -4.41672956e+00  1.50000000e+01]
 [-2.25000000e+00 -3.89711432e+00  2.50000000e+01]
 [-1.95000000e+00 -3.37749907e+00  3.50000000e+01]
 [-1.65000000e+00 -2.85788383e+00  4.50000000e+01]
 [ 1.34583333e+00  2.33105171e+00  1.02777778e+01]
 [ 1.19531250e+00  2.07034198e+00  2.03125000e+01]
 [ 1.04464286e+00  1.80937450e+00  3.03571429e+01]
 [ 8.93750000e-01  1.54802041e+00  4.04166667e+01]
 [-2.69117647e+00  1.52828012e-02  1.02941176e+01]
 [-2.39000000e+00  1.73205081e-02  2.03333333e+01]
 [-2.08846154e+00  1.99852016e-02  3.03846154e+01]
 [-1.78636364e+00  2.36188746e-02  4.04545455e+01]
 [ 1.34583333e+00 -2.33105171e+00  1.02777778e+01]
 [ 1.19531250e+00 -2.07034198e+00  2.03125000e+01]
 [ 1.04464286e+00 -1.80937450e+00  3.03571429e+01]
 [ 8.93750000e-01 -1.54802041e+00  4.04166667e+01]
 [-2.22044605e-16  4.44089210e-16  5.20000000e+01]]",
fixedse.jacket_elem_N,output,,"[[ 0. 18.]
 [18.  1.]
 [ 6. 23.]
 [23.  7.]
 [12. 28.]
 [28. 13.]
 [ 1. 19.]
 [19.  2.]
 [ 7. 24.]
 [24.  8.]
 [13. 29.]
 [29. 14.]
 [ 2. 20.]
 [20.  3.]
 [ 8. 25.]
 [25.  9.]
 [14. 30.]
 [30. 15.]
 [ 3. 21.]
 [21.  4.]
 [ 9. 26.]
 [26. 10.]
 [15. 31.]
 [31. 16.]
 [ 4. 22.]
 [22.  5.]
 [10. 27.]
 [27. 11.]
 [16. 32.]
 [32. 17.]
 [18. 33.]
 [33. 24.]
 [23. 33.]
 [33. 19.]
 [23. 37.]
 [37. 29.]
 [28. 37.]
 [37. 24.]
 [28. 41.]
 [41. 19.]
 [18. 41.]
 [41. 29.]
 [19. 34.]
 [34. 25.]
 [24. 34.]
 [34. 20.]
 [24. 38.]
 [38. 30.]
 [29. 38.]
 [38. 25.]
 [29. 42.]
 [42. 20.]
 [19. 42.]
 [42. 30.]
 [20. 35.]
 [35. 26.]
 [25. 35.]
 [35. 21.]
 [25. 39.]
 [39. 31.]
 [30. 39.]
 [39. 26.]
 [30. 43.]
 [43. 21.]
 [20. 43.]
 [43. 31.]
 [21. 36.]
 [36. 27.]
 [26. 36.]
 [36. 22.]
 [26. 40.]
 [40. 32.]
 [31. 40.]
 [40. 27.]
 [31. 44.]
 [44. 22.]
 [21. 44.]
 [44. 32.]
 [ 5. 45.]
 [11. 45.]
 [17. 45.]]",
fixedse.jacket_mass,output,kg,[1372658.69924973],
fixedse.tower_cost,input,USD,[680459.70145689],
fixedse.transition_piece_cost,input,USD,[100000.],
tcc.blade_mass,input,kg,[0.],
tcc.blade_mass_cost_coeff,input,USD/kg,[14.6],
tcc.blade_cost_external,input,USD,[0.],
tcc.hub_mass,input,kg,[0.],
tcc.hub_mass_cost_coeff,input,USD/kg,[3.9],
tcc.pitch_system_mass,input,kg,[0.],
tcc.pitch_system_mass_cost_coeff,input,USD/kg,[22.1],
tcc.spinner_mass,input,kg,[0.],
tcc.spinner_mass_cost_coeff,input,USD/kg,[11.1],
tcc.hub_cost,output,USD,[0.],
tcc.pitch_system_cost,output,USD,[0.],
tcc.spinner_cost,output,USD,[0.],
tcc.hub_assemblyCostMultiplier,input,,[0.],
tcc.hub_overheadCostMultiplier,input,,[0.],
tcc.hub_profitMultiplier,input,,[0.],
tcc.hub_transportMultiplier,input,,[0.],
tcc.blade_cost,output,USD,[0.],
tcc.hub_system_cost,output,USD,[0.],
tcc.hub_system_mass_tcc,output,kg,[0.],
tcc.blade_number,input,Unavailable,3,
tcc.lss_mass,input,kg,[0.],
tcc.lss_mass_cost_coeff,input,USD/kg,[11.9],
tcc.main_bearing_mass,input,kg,[0.],
tcc.bearing_mass_cost_coeff,input,USD/kg,[4.5],
tcc.gearbox_mass,input,kg,[0.],
tcc.gearbox_torque_density,input,N*m/kg,[200.],"In 2024, modern 5-7MW gearboxes are able to reach 200 Nm/kg"
tcc.gearbox_torque_cost,input,USD/kN/m,[50.],"In 2024, modern 5-7MW gearboxes cost approx $50/kNm"
tcc.hss_mass,input,kg,[0.],
tcc.hss_mass_cost_coeff,input,USD/kg,[6.8],
tcc.brake_mass,input,kg,[0.],
tcc.brake_mass_cost_coeff,input,USD/kg,[3.6254],
tcc.generator_mass,input,kg,[0.],
tcc.generator_mass_cost_coeff,input,USD/kg,[12.4],
tcc.generator_cost_external,input,USD,[0.],
tcc.bedplate_mass,input,kg,[0.],
tcc.bedplate_mass_cost_coeff,input,USD/kg,[2.9],
tcc.yaw_mass,input,kg,[0.],
tcc.yaw_mass_cost_coeff,input,USD/kg,[8.3],
tcc.hvac_mass,input,kg,[0.],
tcc.hvac_mass_cost_coeff,input,USD/kg,[124.],
tcc.machine_rating,input,kW,[5000.],
tcc.controls_machine_rating_cost_coeff,input,USD/kW,[21.15],
tcc.converter_mass,input,kg,[0.],
tcc.converter_mass_cost_coeff,input,USD/kg,[18.8],
tcc.elec_connec_machine_rating_cost_coeff,input,USD/kW,[41.85],
tcc.cover_mass,input,kg,[0.],
tcc.cover_mass_cost_coeff,input,USD/kg,[5.7],
tcc.platforms_mass,input,kg,[0.],
tcc.platforms_mass_cost_coeff,input,USD/kg,[17.1],
tcc.crane_cost,input,USD,[12000.],
tcc.crane,input,Unavailable,False,
tcc.transformer_mass,input,kg,[0.],
tcc.transformer_mass_cost_coeff,input,USD/kg,[18.8],
tcc.lss_cost,output,USD,[0.],
tcc.main_bearing_cost,output,USD,[0.],
tcc.gearbox_cost,output,USD,[0.],
tcc.hss_cost,output,USD,[0.],
tcc.brake_cost,output,USD,[0.],
tcc.generator_cost,output,USD,[0.],
tcc.bedplate_cost,output,USD,[0.],
tcc.yaw_system_cost,output,USD,[0.],
tcc.converter_cost,output,USD,[0.],
tcc.hvac_cost,output,USD,[0.],
tcc.cover_cost,output,USD,[0.],
tcc.elec_cost,output,USD,[209250.],
tcc.controls_cost,output,USD,[105750.],
tcc.platforms_cost,output,USD,[0.],
tcc.transformer_cost,output,USD,[0.],
tcc.nacelle_assemblyCostMultiplier,input,,[0.],
tcc.nacelle_overheadCostMultiplier,input,,[0.],
tcc.nacelle_profitMultiplier,input,,[0.],
tcc.nacelle_transportMultiplier,input,,[0.],
tcc.main_bearing_number,input,Unavailable,2,
tcc.tower_mass,input,kg,[229202.71515085],
tcc.tower_mass_cost_coeff,input,USD/kg,[2.9],
tcc.tower_cost_external,input,USD,[680459.70145689],
tcc.tower_parts_cost,output,USD,[680459.70145689],
tcc.tower_assemblyCostMultiplier,input,,[0.],
tcc.tower_overheadCostMultiplier,input,,[0.],
tcc.tower_profitMultiplier,input,,[0.],
tcc.tower_transportMultiplier,input,,[0.],
tcc.rotor_cost,output,USD,[0.],
tcc.rotor_mass_tcc,output,kg,[0.],
tcc.nacelle_cost,output,USD,[315000.],
tcc.nacelle_mass_tcc,output,kg,[0.],
tcc.tower_cost,output,USD,[680459.70145689],
tcc.turbine_assemblyCostMultiplier,input,,[0.],
tcc.turbine_overheadCostMultiplier,input,,[0.],
tcc.turbine_profitMultiplier,input,,[0.],
tcc.turbine_transportMultiplier,input,,[0.],
tcc.turbine_cost,output,USD,[995459.70145689],
tcc.turbine_cost_kW,output,USD/kW,[199.09194029],
tcc.turbine_mass_tcc,output,kg,[229202.71515085],
materials.E,output,Pa,[[2.e+11 2.e+11 2.e+11]],"2D array of the Youngs moduli of the materials. Each row represents a material, the three columns represent E11, E22 and E33."
materials.G,output,Pa,[[7.93e+10 7.93e+10 7.93e+10]],"2D array of the shear moduli of the materials. Each row represents a material, the three columns represent G12, G13 and G23."
materials.nu,output,,[[0.265 0.265 0.265]],"2D array of the Poisson ratio of the materials. Each row represents a material, the three columns represent nu12, nu13 and nu23."
materials.Xt,output,Pa,[[1.12e+09 1.12e+09 1.12e+09]],"2D array of the Ultimate Tensile Strength (UTS) of the materials. Each row represents a material, the three columns represent Xt12, Xt13 and Xt23."
materials.Xc,output,Pa,[[2.16e+09 2.16e+09 2.16e+09]],"2D array of the Ultimate Compressive Strength (UCS) of the materials. Each row represents a material, the three columns represent Xc12, Xc13 and Xc23."
materials.S,output,Pa,[[0. 0. 0.]],"2D array of the Ultimate Shear Strength (USS) of the materials. Each row represents a material, the three columns represent S12, S13 and S23."
materials.sigma_y,output,Pa,[3.45e+08],Yield stress of the material (in the principle direction for composites).
materials.wohler_exp,output,,[3.],Exponent of S-N Wohler fatigue curve in the form of S = A*N^-(1/m).
materials.wohler_intercept,output,,[3.55346484e+10],"Stress-intercept (A) of S-N Wohler fatigue curve in the form of S = A*N^-(1/m), taken as ultimate stress unless otherwise specified."
materials.unit_cost,output,USD/kg,[0.7],1D array of the unit costs of the materials.
materials.waste,output,,[0.],1D array of the non-dimensional waste fraction of the materials.
materials.roll_mass,output,kg,[0.],1D array of the roll mass of the composite fabrics. Non-composite materials are kept at 0.
materials.orth,output,Unavailable,[0.],1D array of flags to set whether a material is isotropic (0) or orthtropic (1). Each entry represents a material.
materials.ply_t,output,m,[0.],1D array of the ply thicknesses of the materials. Non-composite materials are kept at 0.
materials.fvf,output,,[0.],1D array of the non-dimensional fiber volume fraction of the composite materials. Non-composite materials are kept at 0.
materials.fwf,output,,[0.],1D array of the non-dimensional fiber weight- fraction of the composite materials. Non-composite materials are kept at 0.
configuration.rated_power,output,W,[5000000.],Electrical rated power of the generator.
configuration.lifetime,output,year,[25.],Turbine design lifetime.
configuration.rotor_diameter_user,output,m,[126.],Diameter of the rotor specified by the user. It is defined as two times the blade length plus the hub diameter.
configuration.hub_height_user,output,m,[90.],Height of the hub center over the ground (land-based) or the mean sea level (offshore) specified by the user.
configuration.ws_class,output,Unavailable,I,"IEC wind turbine class. I - offshore, II coastal, III - land-based, IV - low wind speed site."
configuration.turb_class,output,Unavailable,B,"IEC wind turbine category. A - high turbulence intensity (land-based), B - mid turbulence, C - low turbulence (offshore)."
configuration.gearbox_type,output,Unavailable,geared,"Gearbox configuration (geared, direct-drive, etc.)."
configuration.rotor_orientation,output,Unavailable,upwind,"Rotor orientation, either upwind or downwind."
configuration.upwind,output,Unavailable,True,Convenient boolean for upwind (True) or downwind (False).
configuration.n_blades,output,Unavailable,3,Number of blades of the rotor.
tower.ref_axis,output,m,"[[ 0.   0.  10. ]
 [ 0.   0.  43.8]
 [ 0.   0.  87.6]]","2D array of the coordinates (x,y,z) of the tower reference axis. The coordinate system is the global coordinate system of OpenFAST: it is placed at tower base with x pointing downwind, y pointing on the side and z pointing vertically upwards. A standard tower configuration will have zero x and y values and positive z values."
tower.diameter,output,m,[6.    4.935 3.87 ],1D array of the outer diameter values defined along the tower axis.
tower.cd,output,,[1. 1. 1.],1D array of the drag coefficients defined along the tower height.
tower.layer_thickness,output,m,[[0.027  0.0222 0.019 ]],"2D array of the thickness of the layers of the tower structure. The first dimension represents each layer, the second dimension represents each piecewise-constant entry of the tower sections."
tower.outfitting_factor,output,,[1.07],Multiplier that accounts for secondary structure mass inside of tower
tower.layer_name,output,Unavailable,['tower_wall'],1D array of the names of the layers modeled in the tower structure.
tower.layer_mat,output,Unavailable,['steel'],1D array of the names of the materials of each layer modeled in the tower structure.
jacket.foot_head_ratio,output,,[2.],Ratio of radius of foot (bottom) of jacket to head.
jacket.r_head,output,m,[3.],"Radius of head (top) of jacket, in meters."
jacket.height,output,m,[50.],"Overall jacket height, meters."
jacket.leg_diameter,output,m,[2.],"Leg diameter, meters. Constant throughout each leg."
jacket.leg_thickness,output,m,[0.1],"Leg thickness, meters. Constant throughout each leg."
jacket.brace_diameters,output,m,[1. 1. 1. 1.],"Brace diameter, meters. Array starts at the bottom of the jacket."
jacket.brace_thicknesses,output,m,[0.1 0.1 0.1 0.1],"Brace thickness, meters. Array starts at the bottom of the jacket."
jacket.bay_spacing,output,,[0.1 0.3 0.5 0.7 0.9],Bay nodal spacing. Array starts at the bottom of the jacket.
jacket.outfitting_factor,output,,[0.],Multiplier that accounts for secondary structure mass inside of jacket
jacket.transition_piece_mass,output,kg,[100000.],point mass of transition piece
jacket.transition_piece_cost,output,USD,[100000.],cost of transition piece
jacket.gravity_foundation_mass,output,kg,[0.],extra mass of gravity foundation
env.rho_air,output,kg/m**3,[1.225],Density of air
env.mu_air,output,kg/m/s,[1.81e-05],Dynamic viscosity of air
env.shear_exp,output,,[0.1],Shear exponent of the wind.
env.speed_sound_air,output,m/s,[340.],Speed of sound in air.
env.weibull_k,output,,[2.],Shape parameter of the Weibull probability density function of the wind.
env.rho_water,output,kg/m**3,[1025.],Density of ocean water
env.mu_water,output,kg/m/s,[0.0013351],Dynamic viscosity of ocean water
env.water_depth,output,m,[30.],Water depth for analysis.  Values > 0 mean offshore
env.Hsig_wave,output,m,[4.52],Significant wave height
env.Tsig_wave,output,s,[9.45],Significant wave period
env.G_soil,output,N/m**2,[1.4e+08],Shear stress of soil
env.nu_soil,output,,[0.4],Poisson ratio of soil
costs.offset_tcc_per_kW,output,USD/kW,[0.],Offset to turbine capital cost
costs.bos_per_kW,output,USD/kW,[0.],Balance of station/plant capital cost
costs.opex_per_kW,output,USD/kW/year,[0.],Average annual operational expenditures of the turbine
costs.wake_loss_factor,output,,[0.15],The losses in AEP due to waked conditions
costs.fixed_charge_rate,output,,[0.075],Fixed charge rate for coe calculation
costs.labor_rate,output,USD/h,[58.8],
costs.painting_rate,output,USD/m**2,[30.],
costs.blade_mass_cost_coeff,output,USD/kg,[14.6],
costs.hub_mass_cost_coeff,output,USD/kg,[3.9],
costs.pitch_system_mass_cost_coeff,output,USD/kg,[22.1],
costs.spinner_mass_cost_coeff,output,USD/kg,[11.1],
costs.lss_mass_cost_coeff,output,USD/kg,[11.9],
costs.bearing_mass_cost_coeff,output,USD/kg,[4.5],
costs.gearbox_torque_cost,output,USD/kN/m,[50.],
costs.hss_mass_cost_coeff,output,USD/kg,[6.8],
costs.generator_mass_cost_coeff,output,USD/kg,[12.4],
costs.bedplate_mass_cost_coeff,output,USD/kg,[2.9],
costs.yaw_mass_cost_coeff,output,USD/kg,[8.3],
costs.converter_mass_cost_coeff,output,USD/kg,[18.8],
costs.transformer_mass_cost_coeff,output,USD/kg,[18.8],
costs.hvac_mass_cost_coeff,output,USD/kg,[124.],
costs.cover_mass_cost_coeff,output,USD/kg,[5.7],
costs.elec_connec_machine_rating_cost_coeff,output,USD/kW,[41.85],
costs.platforms_mass_cost_coeff,output,USD/kg,[17.1],
costs.tower_mass_cost_coeff,output,USD/kg,[2.9],
costs.controls_machine_rating_cost_coeff,output,USD/kW,[21.15],
costs.crane_cost,output,USD,[12000.],
costs.electricity_price,output,USD/kW/h,[0.04],
costs.reserve_margin_price,output,USD/kW/year,[120.],
costs.capacity_credit,output,,[0.],
costs.benchmark_price,output,USD/kW/h,[0.071],
costs.turbine_number,output,Unavailable,50,Number of turbines at plant
high_level_tower_props.tower_ref_axis,output,m,"[[ 0.          0.         10.        ]
 [ 0.          0.         44.84536082]
 [ 0.          0.         90.        ]]","2D array of the coordinates (x,y,z) of the tower reference axis. The coordinate system is the global coordinate system of OpenFAST: it is placed at tower base with x pointing downwind, y pointing on the side and z pointing vertically upwards. A standard tower configuration will have zero x and y values and positive z values."
high_level_tower_props.hub_height,output,m,[90.],"Height of the hub in the global reference system, i.e. distance rotor center to ground."
tower_grid.s,output,,[0.         0.43556701 1.        ],"1D array of the non-dimensional grid defined along the tower axis (0-tower base, 1-tower top)"
tower_grid.height,output,m,[80.],Scalar of the tower height computed along the z axis.
tower_grid.length,output,m,[80.],Scalar of the tower length computed along its curved axis. A standard straight tower will be as high as long.
tower_grid.foundation_height,output,m,[10.],Foundation height in respect to the ground level.
towerse.height_constraint,output,m,[0.],
towerse.transition_piece_height,output,m,[10.],
towerse.z_start,output,m,[10.],
towerse.tower_section_height,output,m,[34.84536082 45.15463918],
towerse.member.sigma_ult,output,Pa,[1.12e+09 1.12e+09],
towerse.member.wohler_exp,output,,[3. 3.],
towerse.member.wohler_A,output,,[3.55346484e+10 3.55346484e+10],
towerse.member.ballast_density,output,kg/m**3,[],
towerse.member.ballast_unit_cost,output,USD/kg,[],
towerse.z_param,output,m,[10.         44.84536082 90.        ],
towerse.member.sec_loc,output,,[0. 1.],normalized sectional location
towerse.member.str_tw,output,deg,[0. 0.],structural twist of section
towerse.member.tw_iner,output,deg,[0. 0.],inertial twist of section
towerse.member.mass_den,output,kg/m,[3510.69996926 2366.7802451 ],sectional mass per unit length
towerse.member.foreaft_iner,output,kg*m,[13000.89678448  5680.70806693],sectional fore-aft intertia per unit length about the Y_G inertia axis
towerse.member.sideside_iner,output,kg*m,[13000.89678448  5680.70806693],sectional side-side intertia per unit length about the Y_G inertia axis
towerse.member.foreaft_stff,output,N*m**2,[3.11547970e+11 1.36130076e+11],sectional fore-aft bending stiffness per unit length about the Y_E elastic axis
towerse.member.sideside_stff,output,N*m**2,[3.11547970e+11 1.36130076e+11],sectional side-side bending stiffness per unit length about the Y_E elastic axis
towerse.member.tor_stff,output,N*m**2,[2.4705754e+11 1.0795115e+11],sectional torsional stiffness
towerse.member.axial_stff,output,N,[8.41289233e+10 5.67165168e+10],sectional axial stiffness
towerse.member.cg_offst,output,m,[0. 0.],offset from the sectional center of mass
towerse.member.sc_offst,output,m,[0. 0.],offset from the sectional shear center
towerse.member.tc_offst,output,m,[0. 0.],offset from the sectional tension center
towerse.member.axial_load2stress,output,m**2,"[[0.         0.         2.37730369 1.75494644 1.75494644 0.        ]
 [0.         0.         3.52630964 3.23403919 3.23403919 0.        ]]",
towerse.member.shear_load2stress,output,m**2,"[[3.90738716 3.90738716 0.         0.         0.         0.87747322]
 [5.79544339 5.79544339 0.         0.         0.         1.61701959]]",
towerse.constr_d_to_t,output,,[222.25609756 213.71359223],
towerse.constr_taper,output,,[0.8225     0.78419453],
towerse.slope,output,,[0.8225     0.78419453],
towerse.thickness_slope,output,,[0.83739837],
towerse.member.nu_full,output,,[0.26103405 0.26103405 0.26103405 0.26103405 0.26103405 0.26103405],
towerse.member.nodes_r,output,m,[3.     2.8225 2.645  2.4675 2.29   2.1125 1.935 ],
towerse.member.center_of_buoyancy,output,m,[0. 0. 0.],
towerse.member.displacement,output,m**3,[0.],
towerse.member.buoyancy_force,output,N,[0.],
towerse.member.idx_cb,output,,[0.],
towerse.member.Awater,output,m**2,[0.],
towerse.member.Iwater,output,m**4,[0.],
towerse.member.added_mass,output,kg,[0. 0. 0. 0. 0. 0.],
towerse.member.waterline_centroid,output,m,[0. 0.],
towerse.member.z_dim,output,m,"[10.         21.61512027 33.23024055 44.84536082 59.89690722 74.94845361
 90.        ]",
towerse.member.d_eff,output,m,[6.    5.645 5.29  4.935 4.58  4.225 3.87 ],
towerse.member.labor_hours,output,h,[211.35153022],
towerse.tower_cost,output,USD,[680459.70145689],
towerse.member.section_D,output,m,[5.8225 5.4675 5.1125 4.7575 4.4025 4.0475],
towerse.member.section_t,output,m,[0.026322 0.026322 0.026322 0.022042 0.022042 0.022042],
towerse.member.section_sigma_y,output,Pa,[3.45e+08 3.45e+08 3.45e+08 3.45e+08 3.45e+08 3.45e+08],
towerse.turbine_mass,output,kg,[514801.51515085],
towerse.turbine_center_of_mass,output,m,[-0.62799172  0.         65.94797233],
towerse.turbine_I_base,output,kg*m**2,"[2.83541664e+09 2.74252136e+09 2.01950530e+07 0.00000000e+00
 5.03710467e+05 0.00000000e+00]",
towerse.env.wind.U,output,m/s,"[ 9.42203459 10.17701606 10.62424416 10.94753762 11.26899365 11.52447
 11.73732   ]",
towerse.env.windLoads.windLoads_Px,output,N/m,"[215.35763305 237.71249962 240.91980603 235.29745236 227.851527
 215.93860782 200.80448402]",
towerse.env.windLoads.windLoads_Py,output,N/m,[0. 0. 0. 0. 0. 0. 0.],
towerse.env.windLoads.windLoads_Pz,output,N/m,[0. 0. 0. 0. 0. 0. 0.],
towerse.env.windLoads.windLoads_qdyn,output,N/m**2,"[54.37452566 63.43763922 69.13567038 73.40725527 77.78150839 81.34821292
 84.38086698]",
towerse.env.windLoads.windLoads_z,output,m,"[10.         21.61512027 33.23024055 44.84536082 59.89690722 74.94845361
 90.        ]",
towerse.env.windLoads.windLoads_beta,output,deg,[0.],
towerse.env.Px,output,N/m,"[215.35763305 237.71249962 240.91980603 235.29745236 227.851527
 215.93860782 200.80448402]",
towerse.env.Py,output,N/m,[0. 0. 0. 0. 0. 0. 0.],
towerse.env.Pz,output,N/m,[0. 0. 0. 0. 0. 0. 0.],
towerse.env.qdyn,output,N/m**2,"[54.37452566 63.43763922 69.13567038 73.40725527 77.78150839 81.34821292
 84.38086698]",
towerse.g2e.Px,output,N/m,[0. 0. 0. 0. 0. 0. 0.],
towerse.g2e.Py,output,N/m,[0. 0. 0. 0. 0. 0. 0.],
towerse.g2e.Pz,output,N/m,"[-215.35763305 -237.71249962 -240.91980603 -235.29745236 -227.851527
 -215.93860782 -200.80448402]",
towerse.g2e.qdyn,output,Pa,"[54.37452566 63.43763922 69.13567038 73.40725527 77.78150839 81.34821292
 84.38086698]",
towerse.tower.section_L,output,m,[11.61512027 11.61512027 11.61512027 15.05154639 15.05154639 15.05154639],
towerse.tower.f1,output,Hz,[0.328631],
towerse.tower.f2,output,Hz,[0.35090763],
towerse.tower.structural_frequencies,output,Hz,[0.328631   0.35090763 1.25621552 1.57980525 2.35735659 4.95247218],
towerse.tower.fore_aft_modes,output,,"[[ 1.16734857e+00 -8.96075216e-01  2.03134791e+00 -1.79969166e+00
   4.97070403e-01]
 [-4.95960561e+02  6.90311822e+02 -8.60862804e+02  1.12989335e+03
  -4.62381807e+02]
 [-9.87014292e+01  1.46865814e+02 -1.34289443e+00 -9.12359917e+00
  -3.66978909e+01]]",
towerse.tower.side_side_modes,output,,"[[  1.10114608  -0.81057496   1.90380716  -1.64325029   0.44887201]
 [ 10.64453817 -13.43727085  19.92264018 -24.23200412   8.10209662]
 [-78.70051663 117.83455402 -36.98179921  49.00298449 -50.15522268]]",
towerse.tower.torsion_modes,output,,"[[ 10.29656797 -45.60441626  92.17363321 -84.99791744  29.13213252]
 [  0.           0.           0.           0.           0.        ]
 [  0.           0.           0.           0.           0.        ]]",
towerse.tower.fore_aft_freqs,output,Hz,[0.35090763 2.35735659 5.51344725],
towerse.tower.side_side_freqs,output,Hz,[0.328631   1.25621552 4.95247218],
towerse.tower.torsion_freqs,output,Hz,[8.0918459 0.        0.       ],
towerse.tower.tower_deflection,output,m,"[[0.        ]
 [0.01717662]
 [0.06692921]
 [0.14949822]
 [0.30872214]
 [0.52007641]
 [0.76224135]]",
towerse.tower.top_deflection,output,m,[0.76224135],
towerse.tower.tower_Fz,output,N,"[[-4751157.81188547]
 [-4348531.23296471]
 [-3971999.41444386]
 [-3590909.3121909 ]
 [-3238265.06826684]
 [-2914124.        ]]",
towerse.tower.tower_Vx,output,N,"[[1285061.19009343]
 [1285606.2119602 ]
 [1286081.73161756]
 [1286759.8117445 ]
 [1287218.3668866 ]
 [1287347.06662641]]",
towerse.tower.tower_Vy,output,N,"[[ -12.83947804]
 [ -38.68434055]
 [ -66.40439614]
 [-116.09345317]
 [-174.15064338]
 [-237.37906529]]",
towerse.tower.tower_Mxx,output,N*m,"[[4153332.00443734]
 [4142731.6321715 ]
 [4124922.45302026]
 [4088552.37373018]
 [4035194.4027867 ]
 [3963840.95984223]]",
towerse.tower.tower_Myy,output,N*m,"[[88347045.18190022]
 [73188418.61327161]
 [57907308.12483425]
 [37938928.47599091]
 [17844091.61084507]
 [-2274930.85044451]]",
towerse.tower.tower_Mzz,output,N*m,"[[-346828.93268786]
 [-346827.8499318 ]
 [-346826.88571689]
 [-346834.64380559]
 [-346833.44128791]
 [-346832.47298619]]",
towerse.tower.turbine_F,output,N,"[[ 1.28474400e+06]
 [ 1.74622983e-09]
 [-5.17971830e+06]]",
towerse.tower.turbine_M,output,N*m,"[[ 4.15691217e+06]
 [ 1.03357828e+08]
 [-3.46781682e+05]]",
towerse.post.axial_stress,output,Pa,"[[1.26149344e+08]
 [1.18309573e+08]
 [1.06529751e+08]
 [9.38521242e+07]
 [4.77465057e+07]
 [6.32642569e+06]]",
towerse.post.shear_stress,output,Pa,"[[4982506.55915776]
 [5327693.35666296]
 [5723470.47081428]
 [7379318.99871393]
 [8020837.71209839]
 [8781292.74558718]]",
towerse.post.hoop_stress,output,Pa,"[[-6941.69868637]
 [-7333.16328075]
 [-7370.3673927 ]
 [-8691.33561381]
 [-8462.26366285]
 [-8099.20427019]]",
towerse.post.hoop_stress_euro,output,Pa,"[[0.]
 [0.]
 [0.]
 [0.]
 [0.]
 [0.]]",
towerse.post.constr_stress,output,,"[[0.64323371]
 [0.60368213]
 [0.54427219]
 [0.48185053]
 [0.25297749]
 [0.08380493]]",
towerse.post.constr_shell_buckling,output,,"[[0.05849948]
 [0.05358627]
 [0.04920657]
 [0.0634895 ]
 [0.05740654]
 [0.05218482]]",
towerse.post.constr_global_buckling,output,,"[[1.11626347]
 [1.05842503]
 [0.97234548]
 [0.9217343 ]
 [0.57388324]
 [0.26162616]]",
fixedse.transition_piece_height,output,m,[10.],
fixedse.transition_node,output,m,[ 0.  0. 10.],
fixedse.r_foot,output,m,[6.],
fixedse.constr_diam_consistency,output,,[2.],
fixedse.leg_indices,output,,[ 1.  7. 13.],
fixedse.jacket_elem_rho,output,kg/m**3,"[7.8e+03 7.8e+03 7.8e+03 7.8e+03 7.8e+03 7.8e+03 7.8e+03 7.8e+03 7.8e+03
 7.8e+03 7.8e+03 7.8e+03 7.8e+03 7.8e+03 7.8e+03 7.8e+03 7.8e+03 7.8e+03
 7.8e+03 7.8e+03 7.8e+03 7.8e+03 7.8e+03 7.8e+03 7.8e+03 7.8e+03 7.8e+03
 7.8e+03 7.8e+03 7.8e+03 7.8e+03 7.8e+03 7.8e+03 7.8e+03 7.8e+03 7.8e+03
 7.8e+03 7.8e+03 7.8e+03 7.8e+03 7.8e+03 7.8e+03 7.8e+03 7.8e+03 7.8e+03
 7.8e+03 7.8e+03 7.8e+03 7.8e+03 7.8e+03 7.8e+03 7.8e+03 7.8e+03 7.8e+03
 7.8e+03 7.8e+03 7.8e+03 7.8e+03 7.8e+03 7.8e+03 7.8e+03 7.8e+03 7.8e+03
 7.8e+03 7.8e+03 7.8e+03 7.8e+03 7.8e+03 7.8e+03 7.8e+03 7.8e+03 7.8e+03
 7.8e+03 7.8e+03 7.8e+03 7.8e+03 7.8e+03 7.8e+03 1.0e-02 1.0e-02 1.0e-02]",
fixedse.structural_mass,output,kg,[1601861.41440058],
fixedse.jacket_base_F,output,N,"[[ 1.28474400e+06]
 [ 5.08220022e-04]
 [-1.96210949e+07]]",
fixedse.jacket_base_M,output,N*m,"[[ -89638.17952191]
 [2155502.90829008]
 [ -47528.81947901]]",
fixedse.f1,output,Hz,[0.29106285],
fixedse.f2,output,Hz,[0.29585154],
fixedse.structural_frequencies,output,Hz,[0.29106285 0.29585154 1.8154003  1.81598426 2.22682294 7.32885679],
fixedse.jacket_deflection,output,m,"[[0.00000000e+00]
 [1.72791018e-03]
 [6.03413388e-03]
 [1.31014491e-02]
 [2.53100191e-02]
 [3.79591002e-02]
 [0.00000000e+00]
 [7.98553717e-04]
 [4.76432797e-03]
 [1.26103644e-02]
 [2.34879654e-02]
 [3.32137548e-02]
 [0.00000000e+00]
 [7.33456422e-04]
 [4.64307968e-03]
 [1.24722128e-02]
 [2.32413719e-02]
 [3.26543232e-02]
 [5.69693907e-04]
 [3.56172859e-03]
 [9.21624900e-03]
 [1.82315772e-02]
 [3.30055868e-02]
 [6.16636318e-05]
 [2.32472025e-03]
 [8.17128957e-03]
 [1.78081530e-02]
 [2.88682304e-02]
 [3.78304854e-05]
 [2.22494432e-03]
 [8.03833863e-03]
 [1.76475993e-02]
 [2.84418493e-02]
 [1.09137825e-03]
 [5.27520102e-03]
 [1.28942554e-02]
 [2.39755799e-02]
 [9.06524760e-04]
 [4.98776844e-03]
 [1.29281550e-02]
 [2.36404881e-02]
 [1.07671512e-03]
 [5.24216997e-03]
 [1.28477420e-02]
 [2.38861698e-02]
 [4.17241275e-02]]",
fixedse.top_deflection,output,m,[0.04172413],
fixedse.constr_stress,output,,"[[0.20243354]
 [0.17548099]
 [0.06562042]
 [0.06966906]
 [0.05662582]
 [0.06023083]
 [0.17666808]
 [0.17261141]
 [0.07795805]
 [0.08734309]
 [0.06891429]
 [0.07670459]
 [0.16956588]
 [0.13788371]
 [0.09271393]
 [0.09070697]
 [0.08194308]
 [0.07736893]
 [0.10914582]
 [0.20161648]
 [0.09860758]
 [0.10845957]
 [0.08223762]
 [0.09611756]
 [0.17528515]
 [0.13995402]
 [0.14140896]
 [0.33567426]
 [0.13082639]
 [0.3169804 ]
 [0.04800846]
 [0.02659519]
 [0.01107113]
 [0.06083637]
 [0.03116063]
 [0.04552058]
 [0.0307948 ]
 [0.04867885]
 [0.01018332]
 [0.06227515]
 [0.04810783]
 [0.02928204]
 [0.08343007]
 [0.03950078]
 [0.00730232]
 [0.07808285]
 [0.048274  ]
 [0.05730264]
 [0.04591813]
 [0.06205272]
 [0.00618442]
 [0.07936862]
 [0.08502685]
 [0.04199921]
 [0.0689308 ]
 [0.02116624]
 [0.01086464]
 [0.03513514]
 [0.0590904 ]
 [0.03595191]
 [0.05528484]
 [0.03667713]
 [0.01224789]
 [0.03483927]
 [0.07008096]
 [0.01663767]
 [0.16277292]
 [0.2525256 ]
 [0.12069064]
 [0.27694727]
 [0.03322848]
 [0.11998551]
 [0.03577357]
 [0.13061672]
 [0.11029755]
 [0.27521001]
 [0.15973726]
 [0.24890392]]",
fixedse.constr_shell_buckling,output,,"[[1.33931520e-01]
 [1.26573105e-01]
 [3.49481809e-06]
 [3.49481809e-06]
 [3.49481809e-06]
 [3.49481809e-06]
 [1.25359876e-01]
 [1.25643242e-01]
 [3.49481809e-06]
 [3.49481809e-06]
 [3.49481809e-06]
 [3.49481809e-06]
 [1.24430014e-01]
 [1.17394618e-01]
 [3.49481809e-06]
 [3.49481809e-06]
 [3.49481809e-06]
 [3.49481809e-06]
 [1.16181390e-01]
 [1.40829381e-01]
 [3.49481809e-06]
 [3.49481809e-06]
 [3.49481809e-06]
 [3.49481809e-06]
 [1.39616152e-01]
 [1.45863692e-01]
 [3.49481809e-06]
 [3.49481809e-06]
 [3.49481809e-06]
 [3.49481809e-06]
 [4.92594823e-03]
 [2.06561047e-04]
 [5.62756710e-03]
 [4.62911621e-03]
 [1.68507634e-06]
 [1.64463576e-06]
 [1.68743114e-06]
 [1.64369925e-06]
 [6.32619492e-03]
 [5.19463876e-03]
 [5.01352529e-03]
 [3.04172020e-04]
 [1.03269818e-03]
 [1.62851282e-06]
 [1.56706646e-03]
 [2.19655765e-03]
 [6.75054814e-04]
 [1.62830368e-06]
 [1.66642317e-06]
 [1.62735834e-06]
 [1.95544779e-03]
 [2.43556886e-03]
 [7.99352009e-04]
 [1.62851282e-06]
 [8.23435543e-03]
 [3.55201338e-03]
 [1.00201125e-02]
 [1.19570403e-02]
 [1.65240075e-06]
 [1.61334179e-06]
 [1.65347587e-06]
 [1.61238841e-06]
 [1.05974086e-02]
 [1.23099430e-02]
 [8.02801064e-03]
 [3.46274851e-03]
 [1.64104719e-06]
 [1.60033785e-06]
 [1.64104719e-06]
 [4.95442175e-03]
 [2.64122870e-02]
 [2.95272834e-02]
 [2.30197912e-02]
 [2.50371837e-02]
 [1.64104719e-06]
 [9.64741225e-05]
 [1.64104719e-06]
 [1.60033785e-06]]",
fixedse.constr_global_buckling,output,,"[[5.69350402e+01]
 [5.38069716e+01]
 [7.43682227e-07]
 [7.08837998e-07]
 [7.44771799e-07]
 [7.13156790e-07]
 [5.32912271e+01]
 [5.34116863e+01]
 [8.48808581e-07]
 [8.75121468e-07]
 [8.61904390e-07]
 [8.83247705e-07]
 [5.28959418e+01]
 [4.99051890e+01]
 [9.50708923e-07]
 [7.12591674e-07]
 [9.55939788e-07]
 [6.86258762e-07]
 [4.93894444e+01]
 [5.98673269e+01]
 [8.45165597e-07]
 [4.60943102e-07]
 [7.51528689e-07]
 [4.98623780e-07]
 [5.93515823e+01]
 [6.20074167e+01]
 [1.15910770e-06]
 [4.92444894e-06]
 [1.23884581e-06]
 [4.80336787e-06]
 [8.38858188e+00]
 [3.52943136e-01]
 [9.58321882e+00]
 [7.88317422e+00]
 [2.39823142e-07]
 [4.34860396e-07]
 [2.08474314e-07]
 [4.61574316e-07]
 [1.07727628e+01]
 [8.84608169e+00]
 [8.53769814e+00]
 [5.19147027e-01]
 [1.75958367e+00]
 [6.15285189e-07]
 [2.66946128e+00]
 [3.74129133e+00]
 [1.15064590e+00]
 [7.16683545e-07]
 [4.65349502e-07]
 [7.61774955e-07]
 [3.33075321e+00]
 [4.14825262e+00]
 [1.36229308e+00]
 [6.50232140e-07]
 [1.40217645e+01]
 [6.04921028e+00]
 [1.70623485e+01]
 [2.03603337e+01]
 [5.50623603e-07]
 [2.48706005e-07]
 [4.63394408e-07]
 [1.89041163e-07]
 [1.80453027e+01]
 [2.09612161e+01]
 [1.36704241e+01]
 [5.89722022e+00]
 [2.14180364e-06]
 [2.35826955e-06]
 [1.78474828e-06]
 [8.43707257e+00]
 [4.49730785e+01]
 [5.02769456e+01]
 [3.91967228e+01]
 [4.26317150e+01]
 [1.64340127e-06]
 [1.65501073e-01]
 [2.14251470e-06]
 [2.12225428e-06]]",
fixedse.labor_hours,output,h,[39577.13301434],
fixedse.jacket_cost,output,USD,[5701902.41936486],
fixedse.structural_cost,output,USD,[6382362.12082175],
